https://edu.online.sh.cn/education/gb/content/2021-07/28/content_9800256.htm,突击！安徽一教师在别墅涉嫌有偿补课被现场查处
https://edu.online.sh.cn/education/gb/content/2021-07/28/content_9800246.htm,唐山大地震45周年 致敬重生 愿山河无恙！
https://edu.online.sh.cn/education/gb/content/2021-07/28/content_9800160.htm,张家齐夺冠母亲喜极而泣：所有的苦都没白吃，值了！
https://edu.online.sh.cn/education/gb/content/2021-07/28/content_9800149.htm,冠军传承！5岁的张家齐和郭晶晶的合影太可爱
https://edu.online.sh.cn/education/gb/content/2021-07/28/content_9800107.htm,交了几十万学费，这些国际校家长决定让孩子“重回高考”
https://edu.online.sh.cn/education/gb/content/2021-07/27/content_9799517.htm,第七天 郑州5号线沙口路站地铁口摆满鲜花卡片
https://edu.online.sh.cn/education/gb/content/2021-07/27/content_9799458.htm,骄傲破屏！儿子考上北大，爸爸亲手投递录取通知书…
https://edu.online.sh.cn/education/gb/content/2021-07/26/content_9799167.htm,强降雨后河南文物还好吗？北宋皇陵部分土遗址受损
https://edu.online.sh.cn/education/gb/content/2021-07/26/content_9799150.htm,今天上海各爱心暑托班等教育单位继续停课
https://edu.online.sh.cn/education/gb/content/2021-07/26/content_9799149.htm,潮玩店、冲浪店等首店纷纷落户上海 上半年新开首店513家创历史新高
https://edu.online.sh.cn/education/gb/content/2021-07/26/content_9799148.htm,伪装意外高坠，重庆生父涉嫌蓄意谋杀两幼童案今日开庭
https://edu.online.sh.cn/education/gb/content/2021-07/26/content_9799007.htm,郭晶晶在看台唱国歌 网友：为中国跳水梦之队点赞
https://edu.online.sh.cn/education/gb/content/2021-07/26/content_9799005.htm,衡水中学回应在美上市等传闻：内容严重失实
https://edu.online.sh.cn/education/gb/content/2021-07/23/content_9798042.htm,沪2021年本科普通批投档线公布（附热点问答）
https://edu.online.sh.cn/education/gb/content/2021-07/23/content_9797932.htm,女婴被埋一天一夜后获救 母亲遇难时保持着托举姿势
https://edu.online.sh.cn/education/gb/content/2021-07/23/content_9797926.htm,在郑州地铁车厢里给大家鼓劲儿的她，掉了队
https://edu.online.sh.cn/education/gb/content/2021-07/23/content_9797920.htm,司机被困郑州十多个小时 河南大姨霸总式发方便面
https://edu.online.sh.cn/education/gb/content/2021-07/22/content_9797638.htm,@普陀小伙伴 219项暑期活动火爆进行中，速来加入吧！
https://edu.online.sh.cn/education/gb/content/2021-07/28/content_9800256.htm,突击！安徽一教师在别墅涉嫌有偿补课被现场查处
https://edu.online.sh.cn/education/gb/content/2021-07/28/content_9800160.htm,张家齐夺冠母亲喜极而泣：所有的苦都没白吃，值了！
https://edu.online.sh.cn/education/gb/content/2021-07/28/content_9800149.htm,冠军传承！5岁的张家齐和郭晶晶的合影太可爱
https://edu.online.sh.cn/education/gb/content/2021-07/28/content_9800107.htm,交了几十万学费，这些国际校家长决定让孩子“重回高考”
https://edu.online.sh.cn/education/gb/content/2021-07/27/content_9799458.htm,骄傲破屏！儿子考上北大，爸爸亲手投递录取通知书…
https://edu.online.sh.cn/education/gb/content/2021-07/26/content_9799167.htm,强降雨后河南文物还好吗？北宋皇陵部分土遗址受损
https://edu.online.sh.cn/education/gb/content/2021-07/23/content_9798094.htm,发改委将推动父母下班时间与孩子放学时间衔接
https://edu.online.sh.cn/education/gb/content/2021-07/22/content_9797636.htm,已经工作2个多月，单位不签劳动合同有什么后果？
https://edu.online.sh.cn/education/gb/content/2021-07/22/content_9797640.htm,“十四五”托育服务发展专项规划将编制
https://edu.online.sh.cn/education/gb/content/2021-07/21/content_9796920.htm,权威发布！加快推进本市“双一流”建设实施方案公布
https://edu.online.sh.cn/education/gb/content/2021-07/21/content_9796919.htm,507个！2021年度上海高校市级重点课程立项名单公布
https://edu.online.sh.cn/education/gb/content/2021-07/21/content_9796890.htm,中央网信办：严禁16岁以下未成年人出镜直播
https://edu.online.sh.cn/education/gb/content/2021-07/23/content_9798101.htm,保胎药开成避孕药 胎儿无奈被流产
https://edu.online.sh.cn/education/gb/content/2021-07/22/content_9797639.htm,半数青少年近视：别让下一代早早成了“小眼镜”
https://edu.online.sh.cn/education/gb/content/2021-07/21/content_9796916.htm,0-6岁，“吃好”是个大难题？快听专家说！
https://edu.online.sh.cn/education/gb/content/2021-07/20/content_9795645.htm,婴儿爽身粉致癌遭巨额索赔？强生子公司或将申请破产
https://edu.online.sh.cn/education/gb/content/2021-07/20/content_9795644.htm,卫健委:5月31日后均可生三孩 生育登记先备案后补办
https://edu.online.sh.cn/education/gb/content/2021-07/20/content_9795648.htm,专家支招：中高考后顺利度过超长假期有四招
